epoch,acc,loss,val_acc,val_loss
0,0.9123437,0.22849330064701154,0.938,0.1618625878095627
1,0.9510653,0.13827149266658623,0.9517,0.13214152416586875
2,0.96005803,0.11281830401101971,0.9553,0.12133545327782631
3,0.96616983,0.09681879194889162,0.9629,0.10755742902457714
4,0.9708313,0.08497811649425084,0.9649,0.10433818643391132
5,0.9741622,0.0759069993264725,0.9649,0.10708170074895024
6,0.9761028,0.06936859400007407,0.9676,0.09939287273436785
