epoch,acc,loss,val_acc,val_loss
0,0.8722454,0.308820694603892,0.9317,0.1919438260316849
1,0.93057734,0.1887960369195343,0.94595,0.1574036636441946
2,0.9421015,0.15924132708556346,0.9531,0.13524156916439534
3,0.94939715,0.14001746739397936,0.9583,0.12041391724944114
4,0.95424235,0.12818538430543527,0.9617,0.11174028072580695
5,0.95795965,0.11880480200689807,0.9627,0.10984020306020975
6,0.96007115,0.11197052369766806,0.9657,0.10263195813968777
7,0.962966,0.1055206459511361,0.96655,0.10115961499810219
8,0.96438295,0.10129077843497887,0.96805,0.09619637556932867
9,0.96600544,0.09685678356781115,0.96855,0.09364448803290724
10,0.96751124,0.0927384050367471,0.96875,0.09233792722392828
11,0.96861696,0.0900903214146446,0.96975,0.09191159549467266
